Cele mai populare pagini,Clicuri,Expuneri,CTR,Poziție
https://drpetric.ro/tarife/,1014,20083,5.05%,11.13
https://drpetric.ro/,922,49465,1.86%,11.53
https://drpetric.ro/ortodontie/,29,1897,1.53%,24.74
https://drpetric.ro/contact/,22,1110,1.98%,7.41
https://drpetric.ro/despre-noi/,15,973,1.54%,6.03
https://drpetric.ro/protetica/,5,127,3.94%,26.88
https://drpetric.ro/implantologie/,3,110,2.73%,8.35
https://drpetric.ro/politica-de-confidentialitate/,2,86,2.33%,7.45
https://drpetric.ro/estetica/,1,161,0.62%,5.2
https://drpetric.ro/consultatie-si-diagnostic/,1,107,0.93%,3.59
https://drpetric.ro/profilaxie/,0,167,0%,75.93
https://drpetric.ro/endodontie/,0,99,0%,10.53
https://drpetric.ro/politica-cookie/,0,10,0%,41
https://drpetric.ro/wp-content/uploads/2024/10/braces.png,0,1,0%,30